subject,trigger_foot,direction,perturbation,cadence,R_square,SS_residual,SS_total,SS_difference,foot_placement_ml_by_com_50_slope_1,foot_placement_ml_by_com_50_slope_2,foot_placement_ml_by_com_50_slope_3,foot_placement_ml_by_com_50_slope_4,cadence_actual
CAD01,TRIGGER_LEFT,STIM_NONE,STIM_NONE,110BPM,0.935729687219567,0.00199526106589683,0.0310448320473133,0.0290495709814165,2.37143264528352,0.496180510595756,-0.299070001499017,-0.0236990919896922,109.434027105251
CAD01,TRIGGER_LEFT,STIM_NONE,STIM_NONE,80BPM,0.881710230816289,0.00396054467090733,0.0334817178039833,0.029521173133076,2.97474145553289,0.520049725851546,-0.292309491354165,0.0935532601121188,79.5402575563984
CAD01,TRIGGER_LEFT,STIM_TOWARDS,STIM_LEFT,110BPM,0.924241977799227,0.00658887393287465,0.0869726233799097,0.0803837494470351,2.34127191533747,0.510753089218726,-0.403567201397739,0.0155281263109809,109.692298795558
CAD01,TRIGGER_LEFT,STIM_TOWARDS,STIM_LEFT,80BPM,0.889921614261167,0.00724968654083594,0.065859310092321,0.058609623551485,2.64037710971117,0.37317778860334,0.211866005621405,-0.0153503248559146,79.228689960274
CAD01,TRIGGER_RIGHT,STIM_NONE,STIM_NONE,110BPM,0.955671777649202,0.00231854746390233,0.0523040929896567,0.0499855455257544,2.39875644420566,0.575319756657576,-0.50924647844506,-0.0588200020446413,110.39281773176
CAD01,TRIGGER_RIGHT,STIM_NONE,STIM_NONE,80BPM,0.891792633825758,0.00593598309851015,0.054857476975751,0.0489214938772408,3.60431167059495,0.570926573202978,-0.252626037609309,-0.0332684190113032,82.2431704415045
CAD01,TRIGGER_RIGHT,STIM_TOWARDS,STIM_RIGHT,110BPM,0.894591704775256,0.00910092877453564,0.0863397776724431,0.0772388488979075,3.01628815742555,0.46465102661607,-0.354463991587069,-0.0412630455474949,110.979414608165
CAD01,TRIGGER_RIGHT,STIM_TOWARDS,STIM_RIGHT,80BPM,0.853618760758622,0.0149627462906891,0.102217650077521,0.0872549037868322,2.722162571375,0.519434649241835,-0.121120364658506,-0.0933876476929108,82.9124421907573
CAD02,TRIGGER_LEFT,STIM_NONE,STIM_NONE,110BPM,0.931714947172229,0.00172691303228793,0.0252897663657601,0.0235628533334722,2.57050668907314,0.412213170128218,-0.0946055978633732,-0.0223868471881355,112.373824727115
CAD02,TRIGGER_LEFT,STIM_NONE,STIM_NONE,80BPM,0.868729627112084,0.00328633278870464,0.0250348400511565,0.0217485072624519,3.38134404299223,0.634603489269684,-0.0554357405151323,0.153193587013984,85.6154876648277
CAD02,TRIGGER_LEFT,STIM_TOWARDS,STIM_LEFT,110BPM,0.892195776024278,0.00278507146340436,0.0258345300461656,0.0230494585827613,2.51918740338586,0.625751139809457,0.371036786526511,0.0827341838688349,112.870936614117
CAD02,TRIGGER_LEFT,STIM_TOWARDS,STIM_LEFT,80BPM,0.777759882806971,0.00893247784385925,0.0401929136677914,0.0312604358239321,4.28217275125179,0.532916245267266,0.36366126212107,-0.00315954671943968,87.9708864053551
CAD02,TRIGGER_RIGHT,STIM_NONE,STIM_NONE,110BPM,0.870964651104314,0.00163175004282326,0.0126457599160862,0.0110140098732629,2.25814453911137,0.486420486937858,0.0370698759113959,0.0984315645046793,111.767093133016
CAD02,TRIGGER_RIGHT,STIM_NONE,STIM_NONE,80BPM,0.931251094194615,0.00263782815537429,0.038369020197085,0.0357311920417107,3.06962770812545,0.710966988244717,-0.400532033201687,0.260530685090471,81.6029124849386
CAD02,TRIGGER_RIGHT,STIM_TOWARDS,STIM_RIGHT,110BPM,0.857286912568113,0.00244801866614351,0.0171534279735338,0.0147054093073903,2.24921257764464,0.487543274987442,0.07544803406605,0.0125837395632459,112.208595993617
CAD02,TRIGGER_RIGHT,STIM_TOWARDS,STIM_RIGHT,80BPM,0.766631070262985,0.0126440011491155,0.0541803108209996,0.0415363096718841,4.81431063658099,0.741946837326766,-0.5318093724798,0.0703564583347676,83.016958350357
CAD04,TRIGGER_LEFT,STIM_NONE,STIM_NONE,110BPM,0.93612268187076,0.00299817734331553,0.0469364937527506,0.0439383164094351,2.28360059751031,0.580555424880537,-0.0303387016219193,-0.061720481511866,111.187265974657
CAD04,TRIGGER_LEFT,STIM_NONE,STIM_NONE,80BPM,0.82181097606834,0.0104606651797699,0.0587054407109933,0.0482447755312235,2.79652162592053,0.568185606730502,0.194580099990424,0.110803690700033,83.405005509571
CAD04,TRIGGER_LEFT,STIM_TOWARDS,STIM_LEFT,110BPM,0.930896537361471,0.00749859828178573,0.108512627232731,0.101014028950946,2.35064497362551,0.600788602154711,-0.0275839541389583,-0.0978395924362549,110.928605293095
CAD04,TRIGGER_LEFT,STIM_TOWARDS,STIM_LEFT,80BPM,0.755286308854132,0.0108680632805116,0.0444113413909211,0.0335432781104095,3.35141829821327,0.620626164929473,-0.0178084989722528,0.192819731138,82.330378764948
CAD04,TRIGGER_RIGHT,STIM_NONE,STIM_NONE,110BPM,0.920732465970443,0.00549783235252785,0.0693579334822983,0.0638601011297705,2.48840983954302,0.549019482408127,-0.0565371793367404,0.00359905033716006,109.724581015814
CAD04,TRIGGER_RIGHT,STIM_NONE,STIM_NONE,80BPM,0.823572611567716,0.00560400229774844,0.031763788760606,0.0261597864628576,2.00720898395259,0.521909714885694,0.337644071089163,-0.0595015581473495,85.5974534242239
CAD04,TRIGGER_RIGHT,STIM_TOWARDS,STIM_RIGHT,110BPM,0.943402384396819,0.0032492860720315,0.0574102996637347,0.0541610135917032,2.34139770032592,0.492369588956337,0.224527969399178,0.0142662665021373,108.913073814163
CAD04,TRIGGER_RIGHT,STIM_TOWARDS,STIM_RIGHT,80BPM,0.818987612004826,0.00804349035957067,0.0444361319612285,0.0363926416016579,2.81155575774991,0.390090393388481,-0.00311952927801775,0.0650121510181063,84.5510126138892
CAD05,TRIGGER_LEFT,STIM_NONE,STIM_NONE,110BPM,0.939342369503032,0.00249703560266049,0.0411660591124692,0.0386690235098087,1.60721881476988,0.381144899785514,0.466279984020852,-0.0237162150325857,116.406362679172
CAD05,TRIGGER_LEFT,STIM_NONE,STIM_NONE,80BPM,0.757596346372786,0.0058539955966666,0.0241497828480312,0.0182957872513646,2.64280705888894,0.407227873996244,0.107740040098987,-0.0249259971089138,87.6033324251996
CAD05,TRIGGER_LEFT,STIM_TOWARDS,STIM_LEFT,110BPM,0.895392603296408,0.00499898721105991,0.0477880854374443,0.0427890982263844,2.20235894634635,0.486156175380637,0.213021293174061,-0.0986592492588825,114.405035202283
CAD05,TRIGGER_LEFT,STIM_TOWARDS,STIM_LEFT,80BPM,0.650874636260167,0.00862164814460346,0.0246949922292907,0.0160733440846872,2.58836202076239,0.0776674311939149,0.0986928066032987,0.167928271799969,90.1698629800595
CAD05,TRIGGER_RIGHT,STIM_NONE,STIM_NONE,110BPM,0.941442226818624,0.00442743448448369,0.0756079721605915,0.0711805376761078,2.08483269668259,0.590126147884559,0.387644920721509,0.0346950013154773,112.876717920565
CAD05,TRIGGER_RIGHT,STIM_NONE,STIM_NONE,80BPM,0.791965813444294,0.00609991059105034,0.0293216739615869,0.0232217633705365,2.33526756671563,0.437813072348462,0.0850348436801177,0.0397181600172305,84.4956352376801
CAD05,TRIGGER_RIGHT,STIM_TOWARDS,STIM_RIGHT,110BPM,0.922245822694465,0.00311517119871632,0.0400643580405364,0.0369491868418201,2.31078578736571,0.609881608358513,0.380525453901259,-0.0125270140674189,109.907213703176
CAD05,TRIGGER_RIGHT,STIM_TOWARDS,STIM_RIGHT,80BPM,0.791629423437401,0.0120135483808994,0.0576547254371602,0.0456411770562608,3.57987498566551,0.795996881656272,0.695196612221989,0.154977295139172,88.5655446773938
CAD06,TRIGGER_LEFT,STIM_NONE,STIM_NONE,110BPM,0.955223070634929,0.00363603282863428,0.0812032642745406,0.0775672314459064,2.71969238794852,0.541355307244494,0.0237275285519001,0.0709383604410944,109.97822478452
CAD06,TRIGGER_LEFT,STIM_NONE,STIM_NONE,80BPM,0.916587338660017,0.0047545500295713,0.0570003396749587,0.0522457896453874,3.44927043465398,0.502955659660403,-0.500042232777578,-0.070184772601098,81.0722040809879
CAD06,TRIGGER_LEFT,STIM_TOWARDS,STIM_LEFT,110BPM,0.89183783436111,0.00710892380956,0.0657246807843494,0.0586157569747894,3.33999047543567,0.577207595122802,0.11720486667991,-0.115199477754554,110.325650898605
CAD06,TRIGGER_LEFT,STIM_TOWARDS,STIM_LEFT,80BPM,0.770197221731923,0.010112504420695,0.0440051443107368,0.0338926398900419,2.64267174812045,0.470189978486293,0.565521534583302,-0.0305917613670176,82.8720373369285
CAD06,TRIGGER_RIGHT,STIM_NONE,STIM_NONE,110BPM,0.938339683220119,0.00424563223835359,0.0688551804479028,0.0646095482095492,2.98059780054973,0.477561614653075,-0.0566451882424891,-0.136562962495414,110.289746879808
CAD06,TRIGGER_RIGHT,STIM_NONE,STIM_NONE,80BPM,0.833247748636662,0.0102810791335053,0.0616548145494224,0.0513737354159171,3.53200387138923,0.631891796874807,-0.191779957630767,0.0502623062843236,82.1969045819504
CAD06,TRIGGER_RIGHT,STIM_TOWARDS,STIM_RIGHT,110BPM,0.802065196851825,0.0110336947774273,0.0557440864463205,0.0447103916688932,2.66380551270757,0.563635985082045,0.0843637493326044,-0.112100698224302,111.233813107229
CAD06,TRIGGER_RIGHT,STIM_TOWARDS,STIM_RIGHT,80BPM,0.876415123913463,0.00555816697626086,0.0449744916390003,0.0394163246627395,2.7873497636572,0.626371630211865,0.702830253711944,0.140268937966614,84.4681022820447
CAD07,TRIGGER_LEFT,STIM_NONE,STIM_NONE,110BPM,0.929527863413114,0.00326987267141228,0.0463995109241624,0.0431296382527501,2.25378775144655,0.540820257271862,0.155070386025696,-0.0734194346397922,109.201039718509
CAD07,TRIGGER_LEFT,STIM_NONE,STIM_NONE,80BPM,0.951594405095185,0.0021898779179262,0.045240181888734,0.0430503039708078,2.963894527758,0.496139007595506,0.138243690064447,-0.0491400314839085,79.6505722325057
CAD07,TRIGGER_LEFT,STIM_TOWARDS,STIM_LEFT,110BPM,0.938987529522172,0.00307899101409823,0.0504649457723093,0.0473859547582111,2.50518749193365,0.551648045634764,-0.287597022861282,-0.120136907104219,107.937443096961
CAD07,TRIGGER_LEFT,STIM_TOWARDS,STIM_LEFT,80BPM,0.564751808410814,0.0119308794723754,0.0274116692565986,0.0154807897842231,2.31662746658453,0.420142699498854,0.752388338298369,-0.0482767042428891,79.751208725157
CAD07,TRIGGER_RIGHT,STIM_NONE,STIM_NONE,110BPM,0.945330349152784,0.00259900948597501,0.0475402612911944,0.0449412518052194,2.32371380249591,0.359589394321777,0.715903731167896,-0.0377136969886861,110.997965391483
CAD07,TRIGGER_RIGHT,STIM_NONE,STIM_NONE,80BPM,0.901902762409118,0.0036145608887172,0.0368467143161753,0.0332321534274581,2.56250651853086,0.437404733686203,-0.015101931416969,0.0135373112135275,82.1959375197343
CAD07,TRIGGER_RIGHT,STIM_TOWARDS,STIM_RIGHT,110BPM,0.946489033322056,0.00282281411090409,0.0527520672144313,0.0499292531035272,2.43805391030565,0.610235692296717,-0.346985009031651,0.0454995900267757,110.694628112171
CAD07,TRIGGER_RIGHT,STIM_TOWARDS,STIM_RIGHT,80BPM,0.770593441724746,0.0101649499385201,0.0443097617389111,0.034144811800391,2.20563864131467,0.476512826911693,1.40411220247447,0.259699453510257,82.3038925520531
CAD08,TRIGGER_LEFT,STIM_NONE,STIM_NONE,110BPM,0.93107762408588,0.002236690193756,0.0324523083264427,0.0302156181326867,2.52454848516204,0.509773396391728,0.545310113343008,-0.0293125724869958,110.819904957348
CAD08,TRIGGER_LEFT,STIM_NONE,STIM_NONE,80BPM,0.940775820623197,0.00219809641514525,0.037114847994098,0.0349167515789527,3.07714991837818,0.520529921011473,0.207566679552389,0.0967192936838233,82.0912877482666
CAD08,TRIGGER_LEFT,STIM_TOWARDS,STIM_LEFT,110BPM,0.927749241562714,0.00172175530218888,0.0238302730577335,0.0221085177555446,2.38714580157837,0.602920748547629,0.779907246113427,0.0114540879489527,110.670480489029
CAD08,TRIGGER_LEFT,STIM_TOWARDS,STIM_LEFT,80BPM,0.838811138251621,0.00523744724589735,0.0324926126351906,0.0272551653892932,2.55158432956653,0.526520129332581,0.485618946473346,0.113616180644066,84.0070497218769
CAD08,TRIGGER_RIGHT,STIM_NONE,STIM_NONE,110BPM,0.960768719272189,0.000823006623991534,0.0209783267006146,0.020155320076623,2.23515345849331,0.523689838903322,-0.322074396394641,-0.0208058746399205,110.943916268925
CAD08,TRIGGER_RIGHT,STIM_NONE,STIM_NONE,80BPM,0.916986353201537,0.00170669725840092,0.0205592372365518,0.0188525399781509,3.24701405396331,0.45191329674342,-0.408087015895891,0.162949895590756,81.7437654966265
CAD08,TRIGGER_RIGHT,STIM_TOWARDS,STIM_RIGHT,110BPM,0.859325818002903,0.00624005646778538,0.0443582210978425,0.0381181646300571,2.61382107066277,0.498985964469051,0.0948019167979918,0.0202408110614933,110.321771352165
CAD08,TRIGGER_RIGHT,STIM_TOWARDS,STIM_RIGHT,80BPM,0.813654567753367,0.00543322197998293,0.0291567220858515,0.0237235001058685,2.70219670864821,0.307834020648396,-0.311245276961601,-0.0176341504792128,80.0800592509925
CAD09,TRIGGER_LEFT,STIM_NONE,STIM_NONE,110BPM,0.930988413611343,0.00302182732487585,0.0437872462148256,0.0407654188899497,1.90442760794277,0.321725568577362,0.488058245535109,0.0786019311446276,113.140074532518
CAD09,TRIGGER_LEFT,STIM_NONE,STIM_NONE,80BPM,0.823558733749445,0.0066058482207501,0.0374393607636519,0.0308335125429018,2.19818933023345,0.390822703976316,0.364423349815732,-0.0329687843273913,82.2604741883029
CAD09,TRIGGER_LEFT,STIM_TOWARDS,STIM_LEFT,110BPM,0.862980763924843,0.0047841280653248,0.0349157403176634,0.0301316122523386,2.26775907710245,0.530006408215031,0.164307010208692,0.0800092483502552,109.733419854099
CAD09,TRIGGER_LEFT,STIM_TOWARDS,STIM_LEFT,80BPM,0.894646362736409,0.00542673937323276,0.0515097486350209,0.0460830092617881,2.16051430373495,0.421645466027665,0.562008943239829,0.0883136404249544,89.3131213943313
CAD09,TRIGGER_RIGHT,STIM_NONE,STIM_NONE,110BPM,0.917991043104974,0.00284394143582141,0.0346784246928263,0.0318344832570049,2.21628527893349,0.421251469036112,-0.122217066162982,-0.0895519647777895,107.200584920182
CAD09,TRIGGER_RIGHT,STIM_NONE,STIM_NONE,80BPM,0.91341766346382,0.00416733805014874,0.0481315036861743,0.0439641656360256,2.29184186796195,0.176619742933223,0.578233551184831,-0.0181711573156594,80.925025818247
CAD09,TRIGGER_RIGHT,STIM_TOWARDS,STIM_RIGHT,110BPM,0.877115338989173,0.00317674867832129,0.0258514663440493,0.022674717665728,2.01757952357522,0.59092278258816,0.192820087574467,-0.0583564169078417,106.308172585425
CAD09,TRIGGER_RIGHT,STIM_TOWARDS,STIM_RIGHT,80BPM,0.896912581524397,0.00513875435461337,0.0498485113954959,0.0447097570408825,2.48659985709778,0.0725162678007641,0.214334125288706,0.104314780763991,87.5677356171688
CAD10,TRIGGER_LEFT,STIM_NONE,STIM_NONE,110BPM,0.940264692356764,0.00246497890493834,0.0412650240233165,0.0388000451183782,2.47312668255081,0.565383755901067,-0.0972509496109683,0.0932884602629306,108.2293616053
CAD10,TRIGGER_LEFT,STIM_NONE,STIM_NONE,80BPM,0.932395766518319,0.00239353210017116,0.0354050623297097,0.0330115302295385,3.05228754666891,0.822789244013344,0.176150540151395,0.023468371001357,82.4400580330335
CAD10,TRIGGER_LEFT,STIM_TOWARDS,STIM_LEFT,110BPM,0.870564745478242,0.00690952443893842,0.0533820902540656,0.0464725658151272,2.47629670746297,0.401310987031728,0.642731315791175,-0.0904301317168591,108.842206035797
CAD10,TRIGGER_LEFT,STIM_TOWARDS,STIM_LEFT,80BPM,0.780678933072751,0.0180020992003962,0.0820810305759078,0.0640789313755116,3.50023902262425,0.643570095525213,0.505279357456757,0.128468266710842,83.0948076739018
CAD10,TRIGGER_RIGHT,STIM_NONE,STIM_NONE,110BPM,0.959826700374183,0.00173457825924568,0.043177390839237,0.0414428125799914,2.30835103349881,0.533342010420658,-0.069909079155332,-0.01460459926032,108.885218750775
CAD10,TRIGGER_RIGHT,STIM_NONE,STIM_NONE,80BPM,0.955017518003327,0.00191273008696709,0.0425216662590687,0.0406089361721016,2.90544824441811,0.499139355691858,-0.0253352613373287,0.0662009650772628,82.6762988054616
CAD10,TRIGGER_RIGHT,STIM_TOWARDS,STIM_RIGHT,110BPM,0.967686179802471,0.00160649864974566,0.0497155285238758,0.0481090298741302,2.27536019949711,0.5842304410825,-0.00727406256394902,-0.0638327767227654,109.375994767479
CAD10,TRIGGER_RIGHT,STIM_TOWARDS,STIM_RIGHT,80BPM,0.886441544494127,0.00739309026277569,0.0651038289473154,0.0577107386845397,3.84825395509278,0.67603512383955,-0.128429327251947,0.0269991742170852,82.3595175251542
CAD11,TRIGGER_LEFT,STIM_NONE,STIM_NONE,110BPM,0.945754355138428,0.00100108899427606,0.0184547348792833,0.0174536458850072,2.26587445136367,0.538551628357384,0.0553644998694801,-0.0174176817799838,108.599872109105
CAD11,TRIGGER_LEFT,STIM_NONE,STIM_NONE,80BPM,0.841551221660886,0.00166690662372475,0.0105201607812792,0.00885325415755444,2.53162259870866,0.577734260782731,0.131023074985118,0.0248160810877085,78.6874598156819
CAD11,TRIGGER_LEFT,STIM_TOWARDS,STIM_LEFT,110BPM,0.922440643118604,0.00282896482304204,0.0364748360068032,0.0336458711837612,2.40314333225195,0.594705571242948,0.222027308277044,0.00597095356274355,108.858815407502
CAD11,TRIGGER_LEFT,STIM_TOWARDS,STIM_LEFT,80BPM,0.855405661119201,0.00382265128742869,0.0264370743489482,0.0226144230615195,4.07824407067386,0.604473499320818,-0.679204798383253,0.185723873541803,80.9134495579633
CAD11,TRIGGER_RIGHT,STIM_NONE,STIM_NONE,110BPM,0.970063290869323,0.00101603929139268,0.0339395785608089,0.0329235392694162,2.22815015348341,0.485136494623718,0.28997562084929,0.00208552843538225,111.301337798702
CAD11,TRIGGER_RIGHT,STIM_NONE,STIM_NONE,80BPM,0.622770426065919,0.00309203386657541,0.00819668997403616,0.00510465610746075,2.07013528076986,0.291584705148985,0.353996536000447,0.0736670568903441,81.0117128660271
CAD11,TRIGGER_RIGHT,STIM_TOWARDS,STIM_RIGHT,110BPM,0.881757937774583,0.00324259242590022,0.0274233412786604,0.0241807488527602,2.26392866784035,0.475962678297371,0.409281721259072,-0.0373442001537224,111.871331245052
CAD11,TRIGGER_RIGHT,STIM_TOWARDS,STIM_RIGHT,80BPM,0.921673389867631,0.00311645169719967,0.0397879046716432,0.0366714529744435,3.31478677999217,0.473660724484717,0.377757873157888,-0.0653448428771299,82.6650599257773
CAD12,TRIGGER_LEFT,STIM_NONE,STIM_NONE,110BPM,0.965566635960298,0.00277452627545499,0.0805766834822151,0.0778021572067601,2.34912363061476,0.657892896162608,-0.074775126283695,0.0288506858185987,111.196261963281
CAD12,TRIGGER_LEFT,STIM_NONE,STIM_NONE,80BPM,0.931472318862346,0.00273995834253126,0.0399832344688185,0.0372432761262872,2.73975290565871,0.774251635474771,0.232676825005337,0.153022031551437,87.4676493644805
CAD12,TRIGGER_LEFT,STIM_TOWARDS,STIM_LEFT,110BPM,0.851382727033632,0.00689707808677755,0.0464083208439597,0.0395112427571821,2.30564490345106,0.567661004208806,-0.0066957251690886,0.0191626899926271,111.374073055776
CAD12,TRIGGER_LEFT,STIM_TOWARDS,STIM_LEFT,80BPM,0.90255937394847,0.00604415548302885,0.0620291117570663,0.0559849562740374,2.70929590001782,0.872979312909055,0.219658595560073,0.11261019467076,87.7085460871703
CAD12,TRIGGER_RIGHT,STIM_NONE,STIM_NONE,110BPM,0.92469965875213,0.0028010385101572,0.0371982180125438,0.0343971795023866,2.07226585343658,0.475147501692507,0.645797588522906,0.0637850180412033,113.873400143037
CAD12,TRIGGER_RIGHT,STIM_NONE,STIM_NONE,80BPM,0.930111848123752,0.0021466515957417,0.030715529572778,0.0285688779770363,3.29245476672096,0.810159723540513,-0.621827016992121,0.00916443372802331,87.6298816654624
CAD12,TRIGGER_RIGHT,STIM_TOWARDS,STIM_RIGHT,110BPM,0.903377957818839,0.00739005578780751,0.076484160559881,0.0690941047720735,2.42633709167495,0.489263919334772,0.056934084829743,0.0088515355942621,111.773851204933
CAD12,TRIGGER_RIGHT,STIM_TOWARDS,STIM_RIGHT,80BPM,0.884222471880847,0.00897324713133863,0.0775042210445516,0.0685309739132129,2.79500643917983,0.761601621921066,-0.0558299256953315,0.077174221266388,91.4158616600631
CAD13,TRIGGER_LEFT,STIM_NONE,STIM_NONE,110BPM,0.883180439478138,0.0030736839906351,0.0263113812182154,0.0232376972275803,1.92364680134124,0.506438682860155,-0.085475062888152,0.0917909235395462,109.192206724135
CAD13,TRIGGER_LEFT,STIM_NONE,STIM_NONE,80BPM,0.797884122602018,0.00390210405971323,0.0193062717780933,0.01540416771838,2.4402535497849,0.410380163095236,0.480596068909865,0.175774170544142,81.6131889163974
CAD13,TRIGGER_LEFT,STIM_TOWARDS,STIM_LEFT,110BPM,0.807909293734361,0.00649404464314271,0.0338071777099003,0.0273131330667575,2.12116332337711,0.291593306304239,0.257746923324371,0.00374337972530472,108.875492402333
CAD13,TRIGGER_LEFT,STIM_TOWARDS,STIM_LEFT,80BPM,0.738756688932403,0.00943154436522004,0.0361025295793301,0.02667098521411,2.22028839430086,0.385333564949464,0.236035783393149,0.262101668827089,86.5307938587322
CAD13,TRIGGER_RIGHT,STIM_NONE,STIM_NONE,110BPM,0.919080293553754,0.00275749376618474,0.0340769126246954,0.0313194188585107,1.8410258470873,0.523738350815015,0.124919369130534,0.000437879795994129,110.687780474626
CAD13,TRIGGER_RIGHT,STIM_NONE,STIM_NONE,80BPM,0.89372509636211,0.0018350737095254,0.0172672347535411,0.0154321610440157,2.29206116292958,0.545856356755889,0.0816504631550882,0.00244972975927736,81.3108053637747
CAD13,TRIGGER_RIGHT,STIM_TOWARDS,STIM_RIGHT,110BPM,0.903675287340753,0.00399425526661214,0.0414665681977375,0.0374723129311254,2.0156354715583,0.466951272154148,0.26376934177844,-0.0255263601132656,111.124659268367
CAD13,TRIGGER_RIGHT,STIM_TOWARDS,STIM_RIGHT,80BPM,0.658696003978157,0.00679190778175319,0.0198998777070237,0.0131079699252706,2.12132401258598,0.368493083325035,0.343121834218288,0.00461378577642055,82.5575512766706
CAD14,TRIGGER_LEFT,STIM_NONE,STIM_NONE,110BPM,0.913275053509877,0.00396853676923765,0.0457600371040832,0.0417915003348456,1.93021023755854,0.532046632762957,0.316839569317296,-0.072444675208625,109.825181471825
CAD14,TRIGGER_LEFT,STIM_NONE,STIM_NONE,80BPM,0.813324021988638,0.00569795722108087,0.0305232482603308,0.0248252910392499,2.58190491518015,0.803548634242541,0.345702610064911,0.221013583588766,79.9307809244019
CAD14,TRIGGER_LEFT,STIM_TOWARDS,STIM_LEFT,110BPM,0.864078914761262,0.00362755062485793,0.0266886525993104,0.0230611019744525,2.18528578580297,0.586537810035649,0.294879141740864,0.0876069257078213,110.441953494844
CAD14,TRIGGER_LEFT,STIM_TOWARDS,STIM_LEFT,80BPM,0.731597028891852,0.00145441292758303,0.00541876612460076,0.00396435319701773,2.53677074915738,0.617985099835208,0.726616477289142,-0.0283109091660714,83.3549481757786
CAD14,TRIGGER_RIGHT,STIM_NONE,STIM_NONE,110BPM,0.880215208459081,0.00266831042202086,0.0222758698136511,0.0196075593916303,2.32651532469442,0.54475299330255,-0.084263956300881,0.0108572567047215,110.398701869263
CAD14,TRIGGER_RIGHT,STIM_NONE,STIM_NONE,80BPM,0.911106207669369,0.00274209004886121,0.0308468114248327,0.0281047213759715,2.51678757270464,0.573249761438091,-0.198150508796383,0.0267354944112403,81.0318230519234
CAD14,TRIGGER_RIGHT,STIM_TOWARDS,STIM_RIGHT,110BPM,0.921118061821209,0.00360847519432521,0.0457452653628563,0.0421367901685311,2.4155945935531,0.608027122841069,-0.123415531779296,-0.127007389278906,110.756347237196
CAD14,TRIGGER_RIGHT,STIM_TOWARDS,STIM_RIGHT,80BPM,0.885314107674454,0.00300112811398271,0.0261682413863401,0.0231671132723574,3.02024665318332,0.546511939881303,0.212457803529225,0.210139303838805,82.1310179187539
CAD15,TRIGGER_LEFT,STIM_NONE,STIM_NONE,110BPM,0.876959305729097,0.00233682297926457,0.0189922772551942,0.0166554542759296,2.51225913176257,0.503601572709559,0.437752415924819,0.0981027733082219,107.255830608772
CAD15,TRIGGER_LEFT,STIM_NONE,STIM_NONE,80BPM,0.738791744138776,0.00314612002804598,0.0120444892435462,0.00889836921550023,2.13275289158786,0.246712065139337,0.062572050253534,0.122464216043306,86.1615360657641
CAD15,TRIGGER_LEFT,STIM_TOWARDS,STIM_LEFT,110BPM,0.908321974164627,0.00401300820061202,0.0437728470268132,0.0397598388262012,2.88651946260778,0.0869064508446376,0.202544367028372,-0.168684263811541,108.650209162286
CAD15,TRIGGER_LEFT,STIM_TOWARDS,STIM_LEFT,80BPM,0.590656310236081,0.00401288875279053,0.00980322612302852,0.00579033737023799,1.71590001672436,-0.0203173833605573,0.226443866504339,0.0829364885287598,84.7999810881499
CAD15,TRIGGER_RIGHT,STIM_NONE,STIM_NONE,110BPM,0.868717153321499,0.00360557084353506,0.0274641427631802,0.0238585719196452,2.37020397100527,0.358481436397259,-0.0117839485828719,0.00314387414454037,110.324841984185
CAD15,TRIGGER_RIGHT,STIM_NONE,STIM_NONE,80BPM,0.823456887076969,0.00298225981356388,0.0168925298992779,0.013910270085714,2.15021542675911,0.337744843316503,-0.241846050351429,0.129566414657797,89.0407126288183
CAD15,TRIGGER_RIGHT,STIM_TOWARDS,STIM_RIGHT,110BPM,0.80754580842877,0.0032540369490401,0.0169081116003427,0.0136540746513026,2.1274062017509,0.484713138775978,0.292701494057609,0.0675944199689334,112.848022258134
CAD15,TRIGGER_RIGHT,STIM_TOWARDS,STIM_RIGHT,80BPM,0.658499049961486,0.00640727007370768,0.0187620856486199,0.0123548155749122,2.09224798522868,-0.0835750237061276,0.109454645055273,0.179588478028294,92.1608218298452
CAD16,TRIGGER_LEFT,STIM_NONE,STIM_NONE,110BPM,0.930501649410618,0.0043328584750616,0.0623447670098173,0.0580119085347557,2.44965972809178,0.531644346281622,-0.144002164576897,-0.0257332522063554,111.2528974284
CAD16,TRIGGER_LEFT,STIM_NONE,STIM_NONE,80BPM,0.913659148645677,0.00345598699265622,0.0400272517405884,0.0365712647479322,2.96141089351633,0.654360494415977,-0.0369230910861387,0.135279354944356,81.7093130169835
CAD16,TRIGGER_LEFT,STIM_TOWARDS,STIM_LEFT,110BPM,0.836852306234115,0.0128110039494514,0.0785239659460652,0.0657129619966138,3.074149692867,0.489983848951616,-0.284963228955861,0.0692018788715663,111.459346790961
CAD16,TRIGGER_LEFT,STIM_TOWARDS,STIM_LEFT,80BPM,0.708875286070956,0.0110761571805137,0.038046090388648,0.0269699332081343,2.43267058817471,0.522798127743245,-0.401475043523501,-0.180095585880147,82.7042683226219
CAD16,TRIGGER_RIGHT,STIM_NONE,STIM_NONE,110BPM,0.952895487423229,0.00213827847435954,0.0453943445625206,0.0432560660881611,2.44615003399277,0.586223204861559,-0.385053208560748,0.0803422109436843,108.77489852642
CAD16,TRIGGER_RIGHT,STIM_NONE,STIM_NONE,80BPM,0.922742685730395,0.00580221305324922,0.0751024431551066,0.0693002301018574,3.28537201939937,0.678939034965201,0.666613696855977,0.0922399172757671,79.3855145612668
CAD16,TRIGGER_RIGHT,STIM_TOWARDS,STIM_RIGHT,110BPM,0.933254398121463,0.00648327537771874,0.097134121129313,0.0906508457515942,2.69974529702556,0.761777164763208,0.78118441591188,0.224655135002057,110.132119261566
CAD16,TRIGGER_RIGHT,STIM_TOWARDS,STIM_RIGHT,80BPM,0.771532219350614,0.0109273620934003,0.0478288976342347,0.0369015355408344,2.99606073593471,0.83913759767404,-0.104960636120855,0.223215021793276,78.8738098942556
CAD17,TRIGGER_LEFT,STIM_NONE,STIM_NONE,110BPM,0.887462849724911,0.00348943512420245,0.031006961840359,0.0275175267161566,2.01159730814938,0.543155992909614,0.60848614025861,-0.0325831859779168,112.347433922584
CAD17,TRIGGER_LEFT,STIM_NONE,STIM_NONE,80BPM,0.887065435543774,0.00683632737177425,0.0605335258048838,0.0536971984331096,3.21983558740143,0.734556368842268,-0.0547041242577984,0.239903609316773,86.1053797236422
CAD17,TRIGGER_LEFT,STIM_TOWARDS,STIM_LEFT,110BPM,0.899816039109867,0.0133961054064269,0.133715070630096,0.120318965223669,2.61609226759496,0.810097857904146,-0.675806218304288,0.288931939003866,112.199700427796
CAD17,TRIGGER_LEFT,STIM_TOWARDS,STIM_LEFT,80BPM,0.847815209086107,0.0306814454613767,0.201606515849119,0.170925070387742,4.0401769027843,1.33354629313764,-3.03305403364267,-0.0677700241126197,81.7372194363798
CAD17,TRIGGER_RIGHT,STIM_AWAY,STIM_LEFT,110BPM,1,0,0.000350621319729447,0.000350621319729447,0,0,0,-0.234646668121439,111.14922813036
CAD17,TRIGGER_RIGHT,STIM_NONE,STIM_NONE,110BPM,0.870616124904775,0.00518371461090222,0.0400646108882354,0.0348808962773332,2.09443084841669,0.617007067550306,0.223108652326113,0.0218156172927694,110.40897515922
CAD17,TRIGGER_RIGHT,STIM_NONE,STIM_NONE,80BPM,0.634871739913407,0.00608792870141296,0.0166733977259639,0.010585469024551,2.38774401364673,0.508572053096591,-0.0974022815950865,0.075976190402905,82.5859612081132
CAD17,TRIGGER_RIGHT,STIM_TOWARDS,STIM_RIGHT,110BPM,0.749113910223997,0.00893639942767852,0.035619349943463,0.0266829505157845,2.15005675603488,0.579783897287841,0.213998909558838,-0.030491310498468,110.261656514883
CAD17,TRIGGER_RIGHT,STIM_TOWARDS,STIM_RIGHT,80BPM,0.725964672039092,0.0219539536804035,0.080113589162983,0.0581596354825795,4.19919593443251,0.971607968510016,-1.42091655308829,-0.025558342553041,83.4176523516569
CAD18,TRIGGER_LEFT,STIM_AWAY,STIM_RIGHT,110BPM,NaN,0,0,0,0,0,0,0,116.504854368932
CAD18,TRIGGER_LEFT,STIM_NONE,STIM_NONE,110BPM,0.960503914749303,0.00283722901543768,0.0718357021317096,0.068998473116272,2.41724675134026,0.64544593101861,-0.504467422700275,0.0934445164116644,114.279295384736
CAD18,TRIGGER_LEFT,STIM_NONE,STIM_NONE,80BPM,0.85591679975662,0.00628889412000069,0.0436476571132353,0.0373587629932346,2.7070257934684,0.551899666079697,0.509862930209915,-0.0667735389381904,82.4247076675613
CAD18,TRIGGER_LEFT,STIM_TOWARDS,STIM_LEFT,110BPM,0.945600884572639,0.00593168053097694,0.109040018102822,0.103108337571845,2.77863544111444,0.629226901508485,0.105460232786933,0.0792855804442423,112.432940117786
CAD18,TRIGGER_LEFT,STIM_TOWARDS,STIM_LEFT,80BPM,0.858955992424909,0.0263484574145339,0.18681018688799,0.160461729473456,4.16030184583314,1.47866954251405,-1.07490607602152,0.057506308499067,83.030799486525
CAD18,TRIGGER_RIGHT,STIM_AWAY,STIM_LEFT,110BPM,NaN,0,0,0,0,0,0,0,109.09090909091
CAD18,TRIGGER_RIGHT,STIM_NONE,STIM_NONE,110BPM,0.881130062105348,0.00806349796307803,0.0678346275424513,0.0597711295793733,2.64642311400673,0.593387189095207,-0.427592054161277,0.0689346185771119,108.725976576643
CAD18,TRIGGER_RIGHT,STIM_NONE,STIM_NONE,80BPM,0.909418014325446,0.00420948073594556,0.0464714998749257,0.0422620191389802,3.63953160519861,0.830280578546101,0.103921597824303,0.0579277666604412,78.8742483146674
CAD18,TRIGGER_RIGHT,STIM_TOWARDS,STIM_RIGHT,110BPM,0.941427186696213,0.00330918373974233,0.0564969232838334,0.0531877395440911,2.65097029589305,0.66115327641523,0.0342226419072648,0.0157814455030174,108.764303905268
CAD18,TRIGGER_RIGHT,STIM_TOWARDS,STIM_RIGHT,80BPM,0.829772989879701,0.0160288247970186,0.094161465831369,0.0781326410343504,3.80037978123931,1.2621528248101,-1.7460925083542,0.535828053623976,78.1006134571855
CAD19,TRIGGER_LEFT,STIM_NONE,STIM_NONE,110BPM,0.972370822948037,0.00235950347194215,0.0853989775918618,0.0830394741199196,2.44844567703871,0.482369727357467,0.217783608547225,-0.00514342452736356,108.493337705513
CAD19,TRIGGER_LEFT,STIM_NONE,STIM_NONE,80BPM,0.911407821371853,0.00336822603791802,0.0380194514919388,0.0346512254540208,3.62763046724795,0.81305824804281,0.00839914014925282,0.0692490982269623,80.5541257233863
CAD19,TRIGGER_LEFT,STIM_TOWARDS,STIM_LEFT,110BPM,0.955706245155846,0.0030971954172018,0.069923975244347,0.0668267798271452,2.77823495414755,0.62854759955106,-0.036305875622668,-0.0897597168132162,109.372037085474
CAD19,TRIGGER_LEFT,STIM_TOWARDS,STIM_LEFT,80BPM,0.876001984942479,0.00210243184736774,0.0169553669580312,0.0148529351106634,2.32718490634709,0.216486106973077,0.367374092569721,0.129272510423184,82.538200118754
CAD19,TRIGGER_RIGHT,STIM_NONE,STIM_NONE,110BPM,0.934000476024543,0.00533964758167736,0.0809043347594902,0.0755646871778128,2.75447036754647,0.524947685614675,0.312318157877479,-0.0488003001417752,111.15085600789
CAD19,TRIGGER_RIGHT,STIM_NONE,STIM_NONE,80BPM,0.83695480073592,0.00491661663580711,0.0301549303996604,0.0252383137638533,3.60627290686858,0.346773133675288,-0.0451464813616863,0.193168975045112,78.9567760958684
CAD19,TRIGGER_RIGHT,STIM_TOWARDS,STIM_RIGHT,110BPM,0.951315987434378,0.00275557461005131,0.0566012221432453,0.053845647533194,2.91106936844686,0.619675718842285,0.277292585109108,-0.0282773247223414,112.966515424213
CAD19,TRIGGER_RIGHT,STIM_TOWARDS,STIM_RIGHT,80BPM,0.673823168377905,0.0244822943599265,0.0750583486821389,0.0505760543222124,4.22376345493909,0.930067758130015,0.127226900477525,0.0599844967063781,84.3127235672032
CAD20,TRIGGER_LEFT,STIM_NONE,STIM_NONE,110BPM,0.924790032844867,0.00268135664121786,0.0356516129795285,0.0329702563383106,2.11956261921639,0.669166846457959,-0.0522466417849619,0.00126230647966283,110.833608420731
CAD20,TRIGGER_LEFT,STIM_NONE,STIM_NONE,80BPM,0.886080274790629,0.00334304566597388,0.0293456261400716,0.0260025804740977,2.79675980634985,0.778311142396381,-0.0489335243272741,0.195086688440302,79.6861956870581
CAD20,TRIGGER_LEFT,STIM_TOWARDS,STIM_LEFT,110BPM,0.898409516189171,0.00589816606014638,0.0580582534790297,0.0521600874188833,2.49954393648518,0.674491038225977,0.754558329193487,0.0441981034643725,110.609587619102
CAD20,TRIGGER_LEFT,STIM_TOWARDS,STIM_LEFT,80BPM,0.763302057780079,0.0044013924841315,0.0185949757013184,0.0141935832171869,3.90602099994975,0.9407979711504,0.304323047880396,0.535070716791057,82.5016738581117
CAD20,TRIGGER_RIGHT,STIM_NONE,STIM_NONE,110BPM,0.954238497529357,0.00179745732900349,0.0392788093038816,0.0374813519748781,2.56639401385753,0.717228561676911,-0.018314278409723,-0.0544840171408893,110.112974223214
CAD20,TRIGGER_RIGHT,STIM_NONE,STIM_NONE,80BPM,0.817826799457578,0.00577304725419142,0.0316898821396459,0.0259168348854545,3.47754633174778,0.532713892743872,0.355327850032894,-0.00320649352562248,80.4654886377795
CAD20,TRIGGER_RIGHT,STIM_TOWARDS,STIM_RIGHT,110BPM,0.790924922106967,0.00637082112308198,0.030471451630124,0.024100630507042,2.7126799637323,0.688848463211202,-0.330477069934571,0.245552007449341,109.505750373061
CAD20,TRIGGER_RIGHT,STIM_TOWARDS,STIM_RIGHT,80BPM,0.83877208972645,0.00677629852440859,0.042029314359477,0.0352530158350684,3.62732193001653,0.572270449724117,0.616869948976126,0.00206054061180174,80.183608033481
CAD21,TRIGGER_LEFT,STIM_NONE,STIM_NONE,110BPM,0.906865245222172,0.00300841897455896,0.0323017866073252,0.0292933676327662,2.54176285980412,0.462364717569692,-0.143976054409772,0.0717913183544299,112.144024638044
CAD21,TRIGGER_LEFT,STIM_NONE,STIM_NONE,80BPM,0.869925651139931,0.00692748078882086,0.0532578548309573,0.0463303740421364,2.81488828450176,0.41709776871826,-0.615549368847238,0.131333534797004,84.0426581614315
CAD21,TRIGGER_LEFT,STIM_TOWARDS,STIM_LEFT,110BPM,0.856605550890214,0.00824211984490649,0.057478653435156,0.0492365335902495,2.85039346094415,0.326561518769759,-0.191187757349006,-0.0442012443259016,110.237064736098
CAD21,TRIGGER_LEFT,STIM_TOWARDS,STIM_LEFT,80BPM,0.711364365035262,0.0146975572021253,0.0509207991727039,0.0362232419705786,4.43686033380598,0.79847806921401,0.793345714755501,0.11458092748235,83.1459066632533
CAD21,TRIGGER_RIGHT,STIM_NONE,STIM_NONE,110BPM,0.874234310198152,0.00561860803348429,0.0446752054740588,0.0390565974405745,2.69244391067244,0.40369733111386,0.204766447508875,0.156456166903313,109.174483025647
CAD21,TRIGGER_RIGHT,STIM_NONE,STIM_NONE,80BPM,0.868425107816823,0.00239636048855367,0.0182129010238328,0.0158165405352791,2.59856058465924,0.556488406303254,0.0092114855457013,0.0417306521711989,81.3763854942692
CAD21,TRIGGER_RIGHT,STIM_TOWARDS,STIM_RIGHT,110BPM,0.912324079089858,0.0066581475059027,0.0759404342353762,0.0692822867294735,2.75673587775443,0.615932835730647,0.759082172328439,0.190661178394572,105.74249872912
CAD21,TRIGGER_RIGHT,STIM_TOWARDS,STIM_RIGHT,80BPM,0.647165364095224,0.0269156442279593,0.0762840194499028,0.0493683752219435,3.40380893706701,0.700233711145277,0.513454770133048,0.122824023411001,80.4238364670351
CAD22,TRIGGER_LEFT,STIM_NONE,STIM_NONE,110BPM,0.934699832341811,0.00201063862433357,0.0307907115163653,0.0287800728920317,2.27446760867748,0.564937504482806,0.072436656550597,-0.0302023018288353,109.647322647904
CAD22,TRIGGER_LEFT,STIM_NONE,STIM_NONE,80BPM,0.88902749350771,0.00256609793917059,0.023123726950773,0.0205576290116024,2.81894580434147,0.544036615400997,-0.351066945077751,-0.0727808529967894,80.658636343621
CAD22,TRIGGER_LEFT,STIM_TOWARDS,STIM_LEFT,110BPM,0.976449850364556,0.00080620027858845,0.0342333399604009,0.0334271396818125,2.57546156212792,0.469034067642185,0.131217386358974,0.020727720177189,110.216197327532
CAD22,TRIGGER_LEFT,STIM_TOWARDS,STIM_LEFT,80BPM,0.876454180263694,0.00496249072039447,0.0401672086598018,0.0352047179394073,3.56826764828345,0.561838762466157,0.995621091292539,0.0920837111523749,82.862631100154
CAD22,TRIGGER_RIGHT,STIM_NONE,STIM_NONE,110BPM,0.900934380080755,0.00209065349141568,0.0211037239066379,0.0190130704152223,2.10504886174355,0.564765896978308,0.153248102952702,-0.0512687127745458,109.718626573618
CAD22,TRIGGER_RIGHT,STIM_NONE,STIM_NONE,80BPM,0.949915482019359,0.00142603026041966,0.0284724764840675,0.0270464462236478,2.98178256125658,0.467718359883647,0.3086547925834,-0.126297816367775,79.4361194417794
CAD22,TRIGGER_RIGHT,STIM_TOWARDS,STIM_RIGHT,110BPM,0.888413593817284,0.00228369236400192,0.0204656861182761,0.0181819937542742,2.4770886623864,0.517260546654597,-0.151710556944346,0.124370093313531,109.651858537638
CAD22,TRIGGER_RIGHT,STIM_TOWARDS,STIM_RIGHT,80BPM,0.889761194938548,0.00164303656563376,0.0149043393995232,0.0132613028338894,3.56865080225777,0.489413112980652,0.263656842699916,0.0500795888203488,80.1387188859075
